"id","type","uz","ru","prompt"
"verb-0","verb","kirmoq","входить","Create a square 1024x1024 educational flashcard illustration for the Uzbek word ""kirmoq"" meaning ""входить"". Style: clean soft 3D clay/vector illustration, warm off-white background, centered subject, friendly but not childish, no text, no letters, no numbers, no watermark. Make the meaning visually obvious for a beginner language learner. Use one clear object or simple everyday scene."
"verb-1","verb","chiqmoq","выходить","Create a square 1024x1024 educational flashcard illustration for the Uzbek word ""chiqmoq"" meaning ""выходить"". Style: clean soft 3D clay/vector illustration, warm off-white background, centered subject, friendly but not childish, no text, no letters, no numbers, no watermark. Make the meaning visually obvious for a beginner language learner. Use one clear object or simple everyday scene."
"verb-2","verb","kutmoq","ждать","Create a square 1024x1024 educational flashcard illustration for the Uzbek word ""kutmoq"" meaning ""ждать"". Style: clean soft 3D clay/vector illustration, warm off-white background, centered subject, friendly but not childish, no text, no letters, no numbers, no watermark. Make the meaning visually obvious for a beginner language learner. Use one clear object or simple everyday scene."
"verb-3","verb","oʻtirmoq","сидеть","Create a square 1024x1024 educational flashcard illustration for the Uzbek word ""oʻtirmoq"" meaning ""сидеть"". Style: clean soft 3D clay/vector illustration, warm off-white background, centered subject, friendly but not childish, no text, no letters, no numbers, no watermark. Make the meaning visually obvious for a beginner language learner. Use one clear object or simple everyday scene."
"verb-4","verb","ishlamoq","работать","Create a square 1024x1024 educational flashcard illustration for the Uzbek word ""ishlamoq"" meaning ""работать"". Style: clean soft 3D clay/vector illustration, warm off-white background, centered subject, friendly but not childish, no text, no letters, no numbers, no watermark. Make the meaning visually obvious for a beginner language learner. Use one clear object or simple everyday scene."
"verb-5","verb","yashamoq","жить","Create a square 1024x1024 educational flashcard illustration for the Uzbek word ""yashamoq"" meaning ""жить"". Style: clean soft 3D clay/vector illustration, warm off-white background, centered subject, friendly but not childish, no text, no letters, no numbers, no watermark. Make the meaning visually obvious for a beginner language learner. Use one clear object or simple everyday scene."
"verb-6","verb","ichmoq","пить","Create a square 1024x1024 educational flashcard illustration for the Uzbek word ""ichmoq"" meaning ""пить"". Style: clean soft 3D clay/vector illustration, warm off-white background, centered subject, friendly but not childish, no text, no letters, no numbers, no watermark. Make the meaning visually obvious for a beginner language learner. Use one clear object or simple everyday scene."
"verb-7","verb","yemoq","есть, кушать","Create a square 1024x1024 educational flashcard illustration for the Uzbek word ""yemoq"" meaning ""есть, кушать"". Style: clean soft 3D clay/vector illustration, warm off-white background, centered subject, friendly but not childish, no text, no letters, no numbers, no watermark. Make the meaning visually obvious for a beginner language learner. Use one clear object or simple everyday scene."
"verb-8","verb","bermoq","давать","Create a square 1024x1024 educational flashcard illustration for the Uzbek word ""bermoq"" meaning ""давать"". Style: clean soft 3D clay/vector illustration, warm off-white background, centered subject, friendly but not childish, no text, no letters, no numbers, no watermark. Make the meaning visually obvious for a beginner language learner. Use one clear object or simple everyday scene."
"verb-9","verb","boʻlmoq","быть, состояться","Create a square 1024x1024 educational flashcard illustration for the Uzbek word ""boʻlmoq"" meaning ""быть, состояться"". Style: clean soft 3D clay/vector illustration, warm off-white background, centered subject, friendly but not childish, no text, no letters, no numbers, no watermark. Make the meaning visually obvious for a beginner language learner. Use one clear object or simple everyday scene."
"verb-10","verb","qaytmoq","возвращаться","Create a square 1024x1024 educational flashcard illustration for the Uzbek word ""qaytmoq"" meaning ""возвращаться"". Style: clean soft 3D clay/vector illustration, warm off-white background, centered subject, friendly but not childish, no text, no letters, no numbers, no watermark. Make the meaning visually obvious for a beginner language learner. Use one clear object or simple everyday scene."
"verb-11","verb","koʻrmoq","видеть","Create a square 1024x1024 educational flashcard illustration for the Uzbek word ""koʻrmoq"" meaning ""видеть"". Style: clean soft 3D clay/vector illustration, warm off-white background, centered subject, friendly but not childish, no text, no letters, no numbers, no watermark. Make the meaning visually obvious for a beginner language learner. Use one clear object or simple everyday scene."
"verb-12","verb","koʻrsatmoq","показывать","Create a square 1024x1024 educational flashcard illustration for the Uzbek word ""koʻrsatmoq"" meaning ""показывать"". Style: clean soft 3D clay/vector illustration, warm off-white background, centered subject, friendly but not childish, no text, no letters, no numbers, no watermark. Make the meaning visually obvious for a beginner language learner. Use one clear object or simple everyday scene."
"verb-13","verb","koʻtarmoq","поднимать","Create a square 1024x1024 educational flashcard illustration for the Uzbek word ""koʻtarmoq"" meaning ""поднимать"". Style: clean soft 3D clay/vector illustration, warm off-white background, centered subject, friendly but not childish, no text, no letters, no numbers, no watermark. Make the meaning visually obvious for a beginner language learner. Use one clear object or simple everyday scene."
"verb-14","verb","qaramoq","смотреть","Create a square 1024x1024 educational flashcard illustration for the Uzbek word ""qaramoq"" meaning ""смотреть"". Style: clean soft 3D clay/vector illustration, warm off-white background, centered subject, friendly but not childish, no text, no letters, no numbers, no watermark. Make the meaning visually obvious for a beginner language learner. Use one clear object or simple everyday scene."
"verb-15","verb","boʻyamoq","красить","Create a square 1024x1024 educational flashcard illustration for the Uzbek word ""boʻyamoq"" meaning ""красить"". Style: clean soft 3D clay/vector illustration, warm off-white background, centered subject, friendly but not childish, no text, no letters, no numbers, no watermark. Make the meaning visually obvious for a beginner language learner. Use one clear object or simple everyday scene."
"verb-16","verb","bekitmoq","прятать, закрывать","Create a square 1024x1024 educational flashcard illustration for the Uzbek word ""bekitmoq"" meaning ""прятать, закрывать"". Style: clean soft 3D clay/vector illustration, warm off-white background, centered subject, friendly but not childish, no text, no letters, no numbers, no watermark. Make the meaning visually obvious for a beginner language learner. Use one clear object or simple everyday scene."
"verb-17","verb","yashirmoq","прятать, скрывать","Create a square 1024x1024 educational flashcard illustration for the Uzbek word ""yashirmoq"" meaning ""прятать, скрывать"". Style: clean soft 3D clay/vector illustration, warm off-white background, centered subject, friendly but not childish, no text, no letters, no numbers, no watermark. Make the meaning visually obvious for a beginner language learner. Use one clear object or simple everyday scene."
"verb-18","verb","sanamoq","считать числа","Create a square 1024x1024 educational flashcard illustration for the Uzbek word ""sanamoq"" meaning ""считать числа"". Style: clean soft 3D clay/vector illustration, warm off-white background, centered subject, friendly but not childish, no text, no letters, no numbers, no watermark. Make the meaning visually obvious for a beginner language learner. Use one clear object or simple everyday scene."
"verb-19","verb","saqlamoq","хранить, сохранять","Create a square 1024x1024 educational flashcard illustration for the Uzbek word ""saqlamoq"" meaning ""хранить, сохранять"". Style: clean soft 3D clay/vector illustration, warm off-white background, centered subject, friendly but not childish, no text, no letters, no numbers, no watermark. Make the meaning visually obvious for a beginner language learner. Use one clear object or simple everyday scene."
"verb-20","verb","surmoq","двигать, отодвигать","Create a square 1024x1024 educational flashcard illustration for the Uzbek word ""surmoq"" meaning ""двигать, отодвигать"". Style: clean soft 3D clay/vector illustration, warm off-white background, centered subject, friendly but not childish, no text, no letters, no numbers, no watermark. Make the meaning visually obvious for a beginner language learner. Use one clear object or simple everyday scene."
"verb-21","verb","soʻramoq","спрашивать, просить","Create a square 1024x1024 educational flashcard illustration for the Uzbek word ""soʻramoq"" meaning ""спрашивать, просить"". Style: clean soft 3D clay/vector illustration, warm off-white background, centered subject, friendly but not childish, no text, no letters, no numbers, no watermark. Make the meaning visually obvious for a beginner language learner. Use one clear object or simple everyday scene."
"verb-22","verb","tanlamoq","выбирать","Create a square 1024x1024 educational flashcard illustration for the Uzbek word ""tanlamoq"" meaning ""выбирать"". Style: clean soft 3D clay/vector illustration, warm off-white background, centered subject, friendly but not childish, no text, no letters, no numbers, no watermark. Make the meaning visually obvious for a beginner language learner. Use one clear object or simple everyday scene."
"verb-23","verb","termoq","собирать руками","Create a square 1024x1024 educational flashcard illustration for the Uzbek word ""termoq"" meaning ""собирать руками"". Style: clean soft 3D clay/vector illustration, warm off-white background, centered subject, friendly but not childish, no text, no letters, no numbers, no watermark. Make the meaning visually obvious for a beginner language learner. Use one clear object or simple everyday scene."
"verb-24","verb","yigʻmoq","собирать вместе","Create a square 1024x1024 educational flashcard illustration for the Uzbek word ""yigʻmoq"" meaning ""собирать вместе"". Style: clean soft 3D clay/vector illustration, warm off-white background, centered subject, friendly but not childish, no text, no letters, no numbers, no watermark. Make the meaning visually obvious for a beginner language learner. Use one clear object or simple everyday scene."
"verb-25","verb","tugatmoq","закончить","Create a square 1024x1024 educational flashcard illustration for the Uzbek word ""tugatmoq"" meaning ""закончить"". Style: clean soft 3D clay/vector illustration, warm off-white background, centered subject, friendly but not childish, no text, no letters, no numbers, no watermark. Make the meaning visually obvious for a beginner language learner. Use one clear object or simple everyday scene."
"verb-26","verb","bajarmoq","выполнить","Create a square 1024x1024 educational flashcard illustration for the Uzbek word ""bajarmoq"" meaning ""выполнить"". Style: clean soft 3D clay/vector illustration, warm off-white background, centered subject, friendly but not childish, no text, no letters, no numbers, no watermark. Make the meaning visually obvious for a beginner language learner. Use one clear object or simple everyday scene."
"verb-27","verb","javob bermoq","отвечать","Create a square 1024x1024 educational flashcard illustration for the Uzbek word ""javob bermoq"" meaning ""отвечать"". Style: clean soft 3D clay/vector illustration, warm off-white background, centered subject, friendly but not childish, no text, no letters, no numbers, no watermark. Make the meaning visually obvious for a beginner language learner. Use one clear object or simple everyday scene."
"verb-28","verb","oʻtmoq","проходить","Create a square 1024x1024 educational flashcard illustration for the Uzbek word ""oʻtmoq"" meaning ""проходить"". Style: clean soft 3D clay/vector illustration, warm off-white background, centered subject, friendly but not childish, no text, no letters, no numbers, no watermark. Make the meaning visually obvious for a beginner language learner. Use one clear object or simple everyday scene."
"verb-29","verb","rejalashtirmoq","планировать","Create a square 1024x1024 educational flashcard illustration for the Uzbek word ""rejalashtirmoq"" meaning ""планировать"". Style: clean soft 3D clay/vector illustration, warm off-white background, centered subject, friendly but not childish, no text, no letters, no numbers, no watermark. Make the meaning visually obvious for a beginner language learner. Use one clear object or simple everyday scene."
"verb-30","verb","ruxsat bermoq","разрешить","Create a square 1024x1024 educational flashcard illustration for the Uzbek word ""ruxsat bermoq"" meaning ""разрешить"". Style: clean soft 3D clay/vector illustration, warm off-white background, centered subject, friendly but not childish, no text, no letters, no numbers, no watermark. Make the meaning visually obvious for a beginner language learner. Use one clear object or simple everyday scene."
"verb-31","verb","qilmoq","делать","Create a square 1024x1024 educational flashcard illustration for the Uzbek word ""qilmoq"" meaning ""делать"". Style: clean soft 3D clay/vector illustration, warm off-white background, centered subject, friendly but not childish, no text, no letters, no numbers, no watermark. Make the meaning visually obvious for a beginner language learner. Use one clear object or simple everyday scene."
"verb-32","verb","uchrashmoq","встречаться","Create a square 1024x1024 educational flashcard illustration for the Uzbek word ""uchrashmoq"" meaning ""встречаться"". Style: clean soft 3D clay/vector illustration, warm off-white background, centered subject, friendly but not childish, no text, no letters, no numbers, no watermark. Make the meaning visually obvious for a beginner language learner. Use one clear object or simple everyday scene."
"verb-33","verb","tasdiqlamoq","утверждать","Create a square 1024x1024 educational flashcard illustration for the Uzbek word ""tasdiqlamoq"" meaning ""утверждать"". Style: clean soft 3D clay/vector illustration, warm off-white background, centered subject, friendly but not childish, no text, no letters, no numbers, no watermark. Make the meaning visually obvious for a beginner language learner. Use one clear object or simple everyday scene."
"verb-34","verb","yechmoq","решать задачу","Create a square 1024x1024 educational flashcard illustration for the Uzbek word ""yechmoq"" meaning ""решать задачу"". Style: clean soft 3D clay/vector illustration, warm off-white background, centered subject, friendly but not childish, no text, no letters, no numbers, no watermark. Make the meaning visually obvious for a beginner language learner. Use one clear object or simple everyday scene."
"verb-35","verb","jonga tegmoq","надоесть","Create a square 1024x1024 educational flashcard illustration for the Uzbek word ""jonga tegmoq"" meaning ""надоесть"". Style: clean soft 3D clay/vector illustration, warm off-white background, centered subject, friendly but not childish, no text, no letters, no numbers, no watermark. Make the meaning visually obvious for a beginner language learner. Use one clear object or simple everyday scene."
"verb-36","verb","koʻzdan kechirmoq","просматривать","Create a square 1024x1024 educational flashcard illustration for the Uzbek word ""koʻzdan kechirmoq"" meaning ""просматривать"". Style: clean soft 3D clay/vector illustration, warm off-white background, centered subject, friendly but not childish, no text, no letters, no numbers, no watermark. Make the meaning visually obvious for a beginner language learner. Use one clear object or simple everyday scene."
"noun-37","noun","rahbar","руководитель","Create a square 1024x1024 educational flashcard illustration for the Uzbek word ""rahbar"" meaning ""руководитель"". Style: clean soft 3D clay/vector illustration, warm off-white background, centered subject, friendly but not childish, no text, no letters, no numbers, no watermark. Make the meaning visually obvious for a beginner language learner. Use one clear object or simple everyday scene."
"noun-38","noun","boshliq","начальник","Create a square 1024x1024 educational flashcard illustration for the Uzbek word ""boshliq"" meaning ""начальник"". Style: clean soft 3D clay/vector illustration, warm off-white background, centered subject, friendly but not childish, no text, no letters, no numbers, no watermark. Make the meaning visually obvious for a beginner language learner. Use one clear object or simple everyday scene."
"noun-39","noun","ishchi","рабочий","Create a square 1024x1024 educational flashcard illustration for the Uzbek word ""ishchi"" meaning ""рабочий"". Style: clean soft 3D clay/vector illustration, warm off-white background, centered subject, friendly but not childish, no text, no letters, no numbers, no watermark. Make the meaning visually obvious for a beginner language learner. Use one clear object or simple everyday scene."
"noun-40","noun","mehmon","гость","Create a square 1024x1024 educational flashcard illustration for the Uzbek word ""mehmon"" meaning ""гость"". Style: clean soft 3D clay/vector illustration, warm off-white background, centered subject, friendly but not childish, no text, no letters, no numbers, no watermark. Make the meaning visually obvious for a beginner language learner. Use one clear object or simple everyday scene."
"noun-41","noun","hujjat","документ","Create a square 1024x1024 educational flashcard illustration for the Uzbek word ""hujjat"" meaning ""документ"". Style: clean soft 3D clay/vector illustration, warm off-white background, centered subject, friendly but not childish, no text, no letters, no numbers, no watermark. Make the meaning visually obvious for a beginner language learner. Use one clear object or simple everyday scene."
"noun-42","noun","foyda","прибыль, польза","Create a square 1024x1024 educational flashcard illustration for the Uzbek word ""foyda"" meaning ""прибыль, польза"". Style: clean soft 3D clay/vector illustration, warm off-white background, centered subject, friendly but not childish, no text, no letters, no numbers, no watermark. Make the meaning visually obvious for a beginner language learner. Use one clear object or simple everyday scene."
"noun-43","noun","pul","деньги","Create a square 1024x1024 educational flashcard illustration for the Uzbek word ""pul"" meaning ""деньги"". Style: clean soft 3D clay/vector illustration, warm off-white background, centered subject, friendly but not childish, no text, no letters, no numbers, no watermark. Make the meaning visually obvious for a beginner language learner. Use one clear object or simple everyday scene."
"noun-44","noun","ish","работа, дело","Create a square 1024x1024 educational flashcard illustration for the Uzbek word ""ish"" meaning ""работа, дело"". Style: clean soft 3D clay/vector illustration, warm off-white background, centered subject, friendly but not childish, no text, no letters, no numbers, no watermark. Make the meaning visually obvious for a beginner language learner. Use one clear object or simple everyday scene."
"noun-45","noun","ofis","офис","Create a square 1024x1024 educational flashcard illustration for the Uzbek word ""ofis"" meaning ""офис"". Style: clean soft 3D clay/vector illustration, warm off-white background, centered subject, friendly but not childish, no text, no letters, no numbers, no watermark. Make the meaning visually obvious for a beginner language learner. Use one clear object or simple everyday scene."
"noun-46","noun","uy","дом","Create a square 1024x1024 educational flashcard illustration for the Uzbek word ""uy"" meaning ""дом"". Style: clean soft 3D clay/vector illustration, warm off-white background, centered subject, friendly but not childish, no text, no letters, no numbers, no watermark. Make the meaning visually obvious for a beginner language learner. Use one clear object or simple everyday scene."
"noun-47","noun","koʻcha","улица","Create a square 1024x1024 educational flashcard illustration for the Uzbek word ""koʻcha"" meaning ""улица"". Style: clean soft 3D clay/vector illustration, warm off-white background, centered subject, friendly but not childish, no text, no letters, no numbers, no watermark. Make the meaning visually obvious for a beginner language learner. Use one clear object or simple everyday scene."
"noun-48","noun","bogʻ","сад, парк","Create a square 1024x1024 educational flashcard illustration for the Uzbek word ""bogʻ"" meaning ""сад, парк"". Style: clean soft 3D clay/vector illustration, warm off-white background, centered subject, friendly but not childish, no text, no letters, no numbers, no watermark. Make the meaning visually obvious for a beginner language learner. Use one clear object or simple everyday scene."
"noun-49","noun","devor","стена","Create a square 1024x1024 educational flashcard illustration for the Uzbek word ""devor"" meaning ""стена"". Style: clean soft 3D clay/vector illustration, warm off-white background, centered subject, friendly but not childish, no text, no letters, no numbers, no watermark. Make the meaning visually obvious for a beginner language learner. Use one clear object or simple everyday scene."
"noun-50","noun","yoʻl","дорога, путь","Create a square 1024x1024 educational flashcard illustration for the Uzbek word ""yoʻl"" meaning ""дорога, путь"". Style: clean soft 3D clay/vector illustration, warm off-white background, centered subject, friendly but not childish, no text, no letters, no numbers, no watermark. Make the meaning visually obvious for a beginner language learner. Use one clear object or simple everyday scene."
"noun-51","noun","sayohat","путешествие","Create a square 1024x1024 educational flashcard illustration for the Uzbek word ""sayohat"" meaning ""путешествие"". Style: clean soft 3D clay/vector illustration, warm off-white background, centered subject, friendly but not childish, no text, no letters, no numbers, no watermark. Make the meaning visually obvious for a beginner language learner. Use one clear object or simple everyday scene."
"noun-52","noun","ovqat","еда, пища","Create a square 1024x1024 educational flashcard illustration for the Uzbek word ""ovqat"" meaning ""еда, пища"". Style: clean soft 3D clay/vector illustration, warm off-white background, centered subject, friendly but not childish, no text, no letters, no numbers, no watermark. Make the meaning visually obvious for a beginner language learner. Use one clear object or simple everyday scene."
"noun-53","noun","kitob","книга","Create a square 1024x1024 educational flashcard illustration for the Uzbek word ""kitob"" meaning ""книга"". Style: clean soft 3D clay/vector illustration, warm off-white background, centered subject, friendly but not childish, no text, no letters, no numbers, no watermark. Make the meaning visually obvious for a beginner language learner. Use one clear object or simple everyday scene."
"noun-54","noun","stol","стол","Create a square 1024x1024 educational flashcard illustration for the Uzbek word ""stol"" meaning ""стол"". Style: clean soft 3D clay/vector illustration, warm off-white background, centered subject, friendly but not childish, no text, no letters, no numbers, no watermark. Make the meaning visually obvious for a beginner language learner. Use one clear object or simple everyday scene."
"noun-55","noun","stul","стул","Create a square 1024x1024 educational flashcard illustration for the Uzbek word ""stul"" meaning ""стул"". Style: clean soft 3D clay/vector illustration, warm off-white background, centered subject, friendly but not childish, no text, no letters, no numbers, no watermark. Make the meaning visually obvious for a beginner language learner. Use one clear object or simple everyday scene."
"noun-56","noun","kafe","кафе","Create a square 1024x1024 educational flashcard illustration for the Uzbek word ""kafe"" meaning ""кафе"". Style: clean soft 3D clay/vector illustration, warm off-white background, centered subject, friendly but not childish, no text, no letters, no numbers, no watermark. Make the meaning visually obvious for a beginner language learner. Use one clear object or simple everyday scene."
"noun-57","noun","qahva","кофе","Create a square 1024x1024 educational flashcard illustration for the Uzbek word ""qahva"" meaning ""кофе"". Style: clean soft 3D clay/vector illustration, warm off-white background, centered subject, friendly but not childish, no text, no letters, no numbers, no watermark. Make the meaning visually obvious for a beginner language learner. Use one clear object or simple everyday scene."
"noun-58","noun","choy","чай","Create a square 1024x1024 educational flashcard illustration for the Uzbek word ""choy"" meaning ""чай"". Style: clean soft 3D clay/vector illustration, warm off-white background, centered subject, friendly but not childish, no text, no letters, no numbers, no watermark. Make the meaning visually obvious for a beginner language learner. Use one clear object or simple everyday scene."
"noun-59","noun","non","хлеб","Create a square 1024x1024 educational flashcard illustration for the Uzbek word ""non"" meaning ""хлеб"". Style: clean soft 3D clay/vector illustration, warm off-white background, centered subject, friendly but not childish, no text, no letters, no numbers, no watermark. Make the meaning visually obvious for a beginner language learner. Use one clear object or simple everyday scene."
"noun-60","noun","kompyuter","компьютер","Create a square 1024x1024 educational flashcard illustration for the Uzbek word ""kompyuter"" meaning ""компьютер"". Style: clean soft 3D clay/vector illustration, warm off-white background, centered subject, friendly but not childish, no text, no letters, no numbers, no watermark. Make the meaning visually obvious for a beginner language learner. Use one clear object or simple everyday scene."
"noun-61","noun","narsa","вещь","Create a square 1024x1024 educational flashcard illustration for the Uzbek word ""narsa"" meaning ""вещь"". Style: clean soft 3D clay/vector illustration, warm off-white background, centered subject, friendly but not childish, no text, no letters, no numbers, no watermark. Make the meaning visually obvious for a beginner language learner. Use one clear object or simple everyday scene."
"noun-62","noun","masala","задача","Create a square 1024x1024 educational flashcard illustration for the Uzbek word ""masala"" meaning ""задача"". Style: clean soft 3D clay/vector illustration, warm off-white background, centered subject, friendly but not childish, no text, no letters, no numbers, no watermark. Make the meaning visually obvious for a beginner language learner. Use one clear object or simple everyday scene."
"noun-63","noun","reja","план","Create a square 1024x1024 educational flashcard illustration for the Uzbek word ""reja"" meaning ""план"". Style: clean soft 3D clay/vector illustration, warm off-white background, centered subject, friendly but not childish, no text, no letters, no numbers, no watermark. Make the meaning visually obvious for a beginner language learner. Use one clear object or simple everyday scene."
"noun-64","noun","maktab","школа","Create a square 1024x1024 educational flashcard illustration for the Uzbek word ""maktab"" meaning ""школа"". Style: clean soft 3D clay/vector illustration, warm off-white background, centered subject, friendly but not childish, no text, no letters, no numbers, no watermark. Make the meaning visually obvious for a beginner language learner. Use one clear object or simple everyday scene."
"noun-65","noun","mashina","машина","Create a square 1024x1024 educational flashcard illustration for the Uzbek word ""mashina"" meaning ""машина"". Style: clean soft 3D clay/vector illustration, warm off-white background, centered subject, friendly but not childish, no text, no letters, no numbers, no watermark. Make the meaning visually obvious for a beginner language learner. Use one clear object or simple everyday scene."
"noun-66","noun","daraxt","дерево","Create a square 1024x1024 educational flashcard illustration for the Uzbek word ""daraxt"" meaning ""дерево"". Style: clean soft 3D clay/vector illustration, warm off-white background, centered subject, friendly but not childish, no text, no letters, no numbers, no watermark. Make the meaning visually obvious for a beginner language learner. Use one clear object or simple everyday scene."
"noun-67","noun","komanda","команда","Create a square 1024x1024 educational flashcard illustration for the Uzbek word ""komanda"" meaning ""команда"". Style: clean soft 3D clay/vector illustration, warm off-white background, centered subject, friendly but not childish, no text, no letters, no numbers, no watermark. Make the meaning visually obvious for a beginner language learner. Use one clear object or simple everyday scene."
"noun-68","noun","odam","человек","Create a square 1024x1024 educational flashcard illustration for the Uzbek word ""odam"" meaning ""человек"". Style: clean soft 3D clay/vector illustration, warm off-white background, centered subject, friendly but not childish, no text, no letters, no numbers, no watermark. Make the meaning visually obvious for a beginner language learner. Use one clear object or simple everyday scene."
"noun-69","noun","kishi","человек","Create a square 1024x1024 educational flashcard illustration for the Uzbek word ""kishi"" meaning ""человек"". Style: clean soft 3D clay/vector illustration, warm off-white background, centered subject, friendly but not childish, no text, no letters, no numbers, no watermark. Make the meaning visually obvious for a beginner language learner. Use one clear object or simple everyday scene."
"noun-70","noun","maosh","зарплата","Create a square 1024x1024 educational flashcard illustration for the Uzbek word ""maosh"" meaning ""зарплата"". Style: clean soft 3D clay/vector illustration, warm off-white background, centered subject, friendly but not childish, no text, no letters, no numbers, no watermark. Make the meaning visually obvious for a beginner language learner. Use one clear object or simple everyday scene."
"noun-71","noun","oylik","зарплата","Create a square 1024x1024 educational flashcard illustration for the Uzbek word ""oylik"" meaning ""зарплата"". Style: clean soft 3D clay/vector illustration, warm off-white background, centered subject, friendly but not childish, no text, no letters, no numbers, no watermark. Make the meaning visually obvious for a beginner language learner. Use one clear object or simple everyday scene."
"noun-72","noun","sotuv","продажа","Create a square 1024x1024 educational flashcard illustration for the Uzbek word ""sotuv"" meaning ""продажа"". Style: clean soft 3D clay/vector illustration, warm off-white background, centered subject, friendly but not childish, no text, no letters, no numbers, no watermark. Make the meaning visually obvious for a beginner language learner. Use one clear object or simple everyday scene."
"noun-73","noun","qoʻngʻiroq","звонок, созвон","Create a square 1024x1024 educational flashcard illustration for the Uzbek word ""qoʻngʻiroq"" meaning ""звонок, созвон"". Style: clean soft 3D clay/vector illustration, warm off-white background, centered subject, friendly but not childish, no text, no letters, no numbers, no watermark. Make the meaning visually obvious for a beginner language learner. Use one clear object or simple everyday scene."
"noun-74","noun","yil","год","Create a square 1024x1024 educational flashcard illustration for the Uzbek word ""yil"" meaning ""год"". Style: clean soft 3D clay/vector illustration, warm off-white background, centered subject, friendly but not childish, no text, no letters, no numbers, no watermark. Make the meaning visually obvious for a beginner language learner. Use one clear object or simple everyday scene."
"pronoun-75","pronoun","men","я","Create a square 1024x1024 educational flashcard illustration for the Uzbek word ""men"" meaning ""я"". Style: clean soft 3D clay/vector illustration, warm off-white background, centered subject, friendly but not childish, no text, no letters, no numbers, no watermark. Make the meaning visually obvious for a beginner language learner. Use one clear object or simple everyday scene."
"pronoun-76","pronoun","sen","ты","Create a square 1024x1024 educational flashcard illustration for the Uzbek word ""sen"" meaning ""ты"". Style: clean soft 3D clay/vector illustration, warm off-white background, centered subject, friendly but not childish, no text, no letters, no numbers, no watermark. Make the meaning visually obvious for a beginner language learner. Use one clear object or simple everyday scene."
"pronoun-77","pronoun","u","он, она, оно","Create a square 1024x1024 educational flashcard illustration for the Uzbek word ""u"" meaning ""он, она, оно"". Style: clean soft 3D clay/vector illustration, warm off-white background, centered subject, friendly but not childish, no text, no letters, no numbers, no watermark. Make the meaning visually obvious for a beginner language learner. Use one clear object or simple everyday scene."
"pronoun-78","pronoun","biz","мы","Create a square 1024x1024 educational flashcard illustration for the Uzbek word ""biz"" meaning ""мы"". Style: clean soft 3D clay/vector illustration, warm off-white background, centered subject, friendly but not childish, no text, no letters, no numbers, no watermark. Make the meaning visually obvious for a beginner language learner. Use one clear object or simple everyday scene."
"pronoun-79","pronoun","siz","вы","Create a square 1024x1024 educational flashcard illustration for the Uzbek word ""siz"" meaning ""вы"". Style: clean soft 3D clay/vector illustration, warm off-white background, centered subject, friendly but not childish, no text, no letters, no numbers, no watermark. Make the meaning visually obvious for a beginner language learner. Use one clear object or simple everyday scene."
"pronoun-80","pronoun","ular","они","Create a square 1024x1024 educational flashcard illustration for the Uzbek word ""ular"" meaning ""они"". Style: clean soft 3D clay/vector illustration, warm off-white background, centered subject, friendly but not childish, no text, no letters, no numbers, no watermark. Make the meaning visually obvious for a beginner language learner. Use one clear object or simple everyday scene."
"pronoun-81","pronoun","menga","мне","Create a square 1024x1024 educational flashcard illustration for the Uzbek word ""menga"" meaning ""мне"". Style: clean soft 3D clay/vector illustration, warm off-white background, centered subject, friendly but not childish, no text, no letters, no numbers, no watermark. Make the meaning visually obvious for a beginner language learner. Use one clear object or simple everyday scene."
"pronoun-82","pronoun","senga","тебе","Create a square 1024x1024 educational flashcard illustration for the Uzbek word ""senga"" meaning ""тебе"". Style: clean soft 3D clay/vector illustration, warm off-white background, centered subject, friendly but not childish, no text, no letters, no numbers, no watermark. Make the meaning visually obvious for a beginner language learner. Use one clear object or simple everyday scene."
"pronoun-83","pronoun","unga","ему, ей","Create a square 1024x1024 educational flashcard illustration for the Uzbek word ""unga"" meaning ""ему, ей"". Style: clean soft 3D clay/vector illustration, warm off-white background, centered subject, friendly but not childish, no text, no letters, no numbers, no watermark. Make the meaning visually obvious for a beginner language learner. Use one clear object or simple everyday scene."
"pronoun-84","pronoun","bizga","нам","Create a square 1024x1024 educational flashcard illustration for the Uzbek word ""bizga"" meaning ""нам"". Style: clean soft 3D clay/vector illustration, warm off-white background, centered subject, friendly but not childish, no text, no letters, no numbers, no watermark. Make the meaning visually obvious for a beginner language learner. Use one clear object or simple everyday scene."
"pronoun-85","pronoun","sizga","вам","Create a square 1024x1024 educational flashcard illustration for the Uzbek word ""sizga"" meaning ""вам"". Style: clean soft 3D clay/vector illustration, warm off-white background, centered subject, friendly but not childish, no text, no letters, no numbers, no watermark. Make the meaning visually obvious for a beginner language learner. Use one clear object or simple everyday scene."
"pronoun-86","pronoun","ularga","им","Create a square 1024x1024 educational flashcard illustration for the Uzbek word ""ularga"" meaning ""им"". Style: clean soft 3D clay/vector illustration, warm off-white background, centered subject, friendly but not childish, no text, no letters, no numbers, no watermark. Make the meaning visually obvious for a beginner language learner. Use one clear object or simple everyday scene."
"pronoun-87","pronoun","meni","меня","Create a square 1024x1024 educational flashcard illustration for the Uzbek word ""meni"" meaning ""меня"". Style: clean soft 3D clay/vector illustration, warm off-white background, centered subject, friendly but not childish, no text, no letters, no numbers, no watermark. Make the meaning visually obvious for a beginner language learner. Use one clear object or simple everyday scene."
"pronoun-88","pronoun","seni","тебя","Create a square 1024x1024 educational flashcard illustration for the Uzbek word ""seni"" meaning ""тебя"". Style: clean soft 3D clay/vector illustration, warm off-white background, centered subject, friendly but not childish, no text, no letters, no numbers, no watermark. Make the meaning visually obvious for a beginner language learner. Use one clear object or simple everyday scene."
"pronoun-89","pronoun","uni","его, ее","Create a square 1024x1024 educational flashcard illustration for the Uzbek word ""uni"" meaning ""его, ее"". Style: clean soft 3D clay/vector illustration, warm off-white background, centered subject, friendly but not childish, no text, no letters, no numbers, no watermark. Make the meaning visually obvious for a beginner language learner. Use one clear object or simple everyday scene."
"pronoun-90","pronoun","menda","у меня есть","Create a square 1024x1024 educational flashcard illustration for the Uzbek word ""menda"" meaning ""у меня есть"". Style: clean soft 3D clay/vector illustration, warm off-white background, centered subject, friendly but not childish, no text, no letters, no numbers, no watermark. Make the meaning visually obvious for a beginner language learner. Use one clear object or simple everyday scene."
"pronoun-91","pronoun","sizda","у вас есть","Create a square 1024x1024 educational flashcard illustration for the Uzbek word ""sizda"" meaning ""у вас есть"". Style: clean soft 3D clay/vector illustration, warm off-white background, centered subject, friendly but not childish, no text, no letters, no numbers, no watermark. Make the meaning visually obvious for a beginner language learner. Use one clear object or simple everyday scene."
"question-92","question","nima","что","Create a square 1024x1024 educational flashcard illustration for the Uzbek word ""nima"" meaning ""что"". Style: clean soft 3D clay/vector illustration, warm off-white background, centered subject, friendly but not childish, no text, no letters, no numbers, no watermark. Make the meaning visually obvious for a beginner language learner. Use one clear object or simple everyday scene."
"question-93","question","nimani","что, объект","Create a square 1024x1024 educational flashcard illustration for the Uzbek word ""nimani"" meaning ""что, объект"". Style: clean soft 3D clay/vector illustration, warm off-white background, centered subject, friendly but not childish, no text, no letters, no numbers, no watermark. Make the meaning visually obvious for a beginner language learner. Use one clear object or simple everyday scene."
"question-94","question","kim","кто","Create a square 1024x1024 educational flashcard illustration for the Uzbek word ""kim"" meaning ""кто"". Style: clean soft 3D clay/vector illustration, warm off-white background, centered subject, friendly but not childish, no text, no letters, no numbers, no watermark. Make the meaning visually obvious for a beginner language learner. Use one clear object or simple everyday scene."
"question-95","question","kimni","кого","Create a square 1024x1024 educational flashcard illustration for the Uzbek word ""kimni"" meaning ""кого"". Style: clean soft 3D clay/vector illustration, warm off-white background, centered subject, friendly but not childish, no text, no letters, no numbers, no watermark. Make the meaning visually obvious for a beginner language learner. Use one clear object or simple everyday scene."
"question-96","question","nega","почему","Create a square 1024x1024 educational flashcard illustration for the Uzbek word ""nega"" meaning ""почему"". Style: clean soft 3D clay/vector illustration, warm off-white background, centered subject, friendly but not childish, no text, no letters, no numbers, no watermark. Make the meaning visually obvious for a beginner language learner. Use one clear object or simple everyday scene."
"question-97","question","nimaga","почему, зачем","Create a square 1024x1024 educational flashcard illustration for the Uzbek word ""nimaga"" meaning ""почему, зачем"". Style: clean soft 3D clay/vector illustration, warm off-white background, centered subject, friendly but not childish, no text, no letters, no numbers, no watermark. Make the meaning visually obvious for a beginner language learner. Use one clear object or simple everyday scene."
"question-98","question","qachon","когда","Create a square 1024x1024 educational flashcard illustration for the Uzbek word ""qachon"" meaning ""когда"". Style: clean soft 3D clay/vector illustration, warm off-white background, centered subject, friendly but not childish, no text, no letters, no numbers, no watermark. Make the meaning visually obvious for a beginner language learner. Use one clear object or simple everyday scene."
"question-99","question","qayerda","где","Create a square 1024x1024 educational flashcard illustration for the Uzbek word ""qayerda"" meaning ""где"". Style: clean soft 3D clay/vector illustration, warm off-white background, centered subject, friendly but not childish, no text, no letters, no numbers, no watermark. Make the meaning visually obvious for a beginner language learner. Use one clear object or simple everyday scene."
"question-100","question","qayerga","куда","Create a square 1024x1024 educational flashcard illustration for the Uzbek word ""qayerga"" meaning ""куда"". Style: clean soft 3D clay/vector illustration, warm off-white background, centered subject, friendly but not childish, no text, no letters, no numbers, no watermark. Make the meaning visually obvious for a beginner language learner. Use one clear object or simple everyday scene."
"question-101","question","qayerdan","откуда","Create a square 1024x1024 educational flashcard illustration for the Uzbek word ""qayerdan"" meaning ""откуда"". Style: clean soft 3D clay/vector illustration, warm off-white background, centered subject, friendly but not childish, no text, no letters, no numbers, no watermark. Make the meaning visually obvious for a beginner language learner. Use one clear object or simple everyday scene."
"question-102","question","qanday","как, какой","Create a square 1024x1024 educational flashcard illustration for the Uzbek word ""qanday"" meaning ""как, какой"". Style: clean soft 3D clay/vector illustration, warm off-white background, centered subject, friendly but not childish, no text, no letters, no numbers, no watermark. Make the meaning visually obvious for a beginner language learner. Use one clear object or simple everyday scene."
"question-103","question","qancha","сколько","Create a square 1024x1024 educational flashcard illustration for the Uzbek word ""qancha"" meaning ""сколько"". Style: clean soft 3D clay/vector illustration, warm off-white background, centered subject, friendly but not childish, no text, no letters, no numbers, no watermark. Make the meaning visually obvious for a beginner language learner. Use one clear object or simple everyday scene."
"question-104","question","nechta","сколько штук","Create a square 1024x1024 educational flashcard illustration for the Uzbek word ""nechta"" meaning ""сколько штук"". Style: clean soft 3D clay/vector illustration, warm off-white background, centered subject, friendly but not childish, no text, no letters, no numbers, no watermark. Make the meaning visually obvious for a beginner language learner. Use one clear object or simple everyday scene."
"number-105","number","nol","ноль","Create a square 1024x1024 educational flashcard illustration for the Uzbek word ""nol"" meaning ""ноль"". Style: clean soft 3D clay/vector illustration, warm off-white background, centered subject, friendly but not childish, no text, no letters, no numbers, no watermark. Make the meaning visually obvious for a beginner language learner. Use one clear object or simple everyday scene."
"number-106","number","bir","один","Create a square 1024x1024 educational flashcard illustration for the Uzbek word ""bir"" meaning ""один"". Style: clean soft 3D clay/vector illustration, warm off-white background, centered subject, friendly but not childish, no text, no letters, no numbers, no watermark. Make the meaning visually obvious for a beginner language learner. Use one clear object or simple everyday scene."
"number-107","number","ikki","два","Create a square 1024x1024 educational flashcard illustration for the Uzbek word ""ikki"" meaning ""два"". Style: clean soft 3D clay/vector illustration, warm off-white background, centered subject, friendly but not childish, no text, no letters, no numbers, no watermark. Make the meaning visually obvious for a beginner language learner. Use one clear object or simple everyday scene."
"number-108","number","uch","три","Create a square 1024x1024 educational flashcard illustration for the Uzbek word ""uch"" meaning ""три"". Style: clean soft 3D clay/vector illustration, warm off-white background, centered subject, friendly but not childish, no text, no letters, no numbers, no watermark. Make the meaning visually obvious for a beginner language learner. Use one clear object or simple everyday scene."
"number-109","number","toʻrt","четыре","Create a square 1024x1024 educational flashcard illustration for the Uzbek word ""toʻrt"" meaning ""четыре"". Style: clean soft 3D clay/vector illustration, warm off-white background, centered subject, friendly but not childish, no text, no letters, no numbers, no watermark. Make the meaning visually obvious for a beginner language learner. Use one clear object or simple everyday scene."
"number-110","number","besh","пять","Create a square 1024x1024 educational flashcard illustration for the Uzbek word ""besh"" meaning ""пять"". Style: clean soft 3D clay/vector illustration, warm off-white background, centered subject, friendly but not childish, no text, no letters, no numbers, no watermark. Make the meaning visually obvious for a beginner language learner. Use one clear object or simple everyday scene."
"number-111","number","olti","шесть","Create a square 1024x1024 educational flashcard illustration for the Uzbek word ""olti"" meaning ""шесть"". Style: clean soft 3D clay/vector illustration, warm off-white background, centered subject, friendly but not childish, no text, no letters, no numbers, no watermark. Make the meaning visually obvious for a beginner language learner. Use one clear object or simple everyday scene."
"number-112","number","yetti","семь","Create a square 1024x1024 educational flashcard illustration for the Uzbek word ""yetti"" meaning ""семь"". Style: clean soft 3D clay/vector illustration, warm off-white background, centered subject, friendly but not childish, no text, no letters, no numbers, no watermark. Make the meaning visually obvious for a beginner language learner. Use one clear object or simple everyday scene."
"number-113","number","sakkiz","восемь","Create a square 1024x1024 educational flashcard illustration for the Uzbek word ""sakkiz"" meaning ""восемь"". Style: clean soft 3D clay/vector illustration, warm off-white background, centered subject, friendly but not childish, no text, no letters, no numbers, no watermark. Make the meaning visually obvious for a beginner language learner. Use one clear object or simple everyday scene."
"number-114","number","toʻqqiz","девять","Create a square 1024x1024 educational flashcard illustration for the Uzbek word ""toʻqqiz"" meaning ""девять"". Style: clean soft 3D clay/vector illustration, warm off-white background, centered subject, friendly but not childish, no text, no letters, no numbers, no watermark. Make the meaning visually obvious for a beginner language learner. Use one clear object or simple everyday scene."
"number-115","number","oʻn","десять","Create a square 1024x1024 educational flashcard illustration for the Uzbek word ""oʻn"" meaning ""десять"". Style: clean soft 3D clay/vector illustration, warm off-white background, centered subject, friendly but not childish, no text, no letters, no numbers, no watermark. Make the meaning visually obvious for a beginner language learner. Use one clear object or simple everyday scene."
"number-116","number","yigirma","двадцать","Create a square 1024x1024 educational flashcard illustration for the Uzbek word ""yigirma"" meaning ""двадцать"". Style: clean soft 3D clay/vector illustration, warm off-white background, centered subject, friendly but not childish, no text, no letters, no numbers, no watermark. Make the meaning visually obvious for a beginner language learner. Use one clear object or simple everyday scene."
"number-117","number","oʻttiz","тридцать","Create a square 1024x1024 educational flashcard illustration for the Uzbek word ""oʻttiz"" meaning ""тридцать"". Style: clean soft 3D clay/vector illustration, warm off-white background, centered subject, friendly but not childish, no text, no letters, no numbers, no watermark. Make the meaning visually obvious for a beginner language learner. Use one clear object or simple everyday scene."
"number-118","number","qirq","сорок","Create a square 1024x1024 educational flashcard illustration for the Uzbek word ""qirq"" meaning ""сорок"". Style: clean soft 3D clay/vector illustration, warm off-white background, centered subject, friendly but not childish, no text, no letters, no numbers, no watermark. Make the meaning visually obvious for a beginner language learner. Use one clear object or simple everyday scene."
"number-119","number","ellik","пятьдесят","Create a square 1024x1024 educational flashcard illustration for the Uzbek word ""ellik"" meaning ""пятьдесят"". Style: clean soft 3D clay/vector illustration, warm off-white background, centered subject, friendly but not childish, no text, no letters, no numbers, no watermark. Make the meaning visually obvious for a beginner language learner. Use one clear object or simple everyday scene."
"number-120","number","oltmish","шестьдесят","Create a square 1024x1024 educational flashcard illustration for the Uzbek word ""oltmish"" meaning ""шестьдесят"". Style: clean soft 3D clay/vector illustration, warm off-white background, centered subject, friendly but not childish, no text, no letters, no numbers, no watermark. Make the meaning visually obvious for a beginner language learner. Use one clear object or simple everyday scene."
"number-121","number","yetmish","семьдесят","Create a square 1024x1024 educational flashcard illustration for the Uzbek word ""yetmish"" meaning ""семьдесят"". Style: clean soft 3D clay/vector illustration, warm off-white background, centered subject, friendly but not childish, no text, no letters, no numbers, no watermark. Make the meaning visually obvious for a beginner language learner. Use one clear object or simple everyday scene."
"number-122","number","sakson","восемьдесят","Create a square 1024x1024 educational flashcard illustration for the Uzbek word ""sakson"" meaning ""восемьдесят"". Style: clean soft 3D clay/vector illustration, warm off-white background, centered subject, friendly but not childish, no text, no letters, no numbers, no watermark. Make the meaning visually obvious for a beginner language learner. Use one clear object or simple everyday scene."
"number-123","number","toʻqson","девяносто","Create a square 1024x1024 educational flashcard illustration for the Uzbek word ""toʻqson"" meaning ""девяносто"". Style: clean soft 3D clay/vector illustration, warm off-white background, centered subject, friendly but not childish, no text, no letters, no numbers, no watermark. Make the meaning visually obvious for a beginner language learner. Use one clear object or simple everyday scene."
"number-124","number","yuz","сто","Create a square 1024x1024 educational flashcard illustration for the Uzbek word ""yuz"" meaning ""сто"". Style: clean soft 3D clay/vector illustration, warm off-white background, centered subject, friendly but not childish, no text, no letters, no numbers, no watermark. Make the meaning visually obvious for a beginner language learner. Use one clear object or simple everyday scene."
"number-125","number","ming","тысяча","Create a square 1024x1024 educational flashcard illustration for the Uzbek word ""ming"" meaning ""тысяча"". Style: clean soft 3D clay/vector illustration, warm off-white background, centered subject, friendly but not childish, no text, no letters, no numbers, no watermark. Make the meaning visually obvious for a beginner language learner. Use one clear object or simple everyday scene."
"other-126","other","hamma","все","Create a square 1024x1024 educational flashcard illustration for the Uzbek word ""hamma"" meaning ""все"". Style: clean soft 3D clay/vector illustration, warm off-white background, centered subject, friendly but not childish, no text, no letters, no numbers, no watermark. Make the meaning visually obvious for a beginner language learner. Use one clear object or simple everyday scene."
"other-127","other","hamma narsa","все, всё","Create a square 1024x1024 educational flashcard illustration for the Uzbek word ""hamma narsa"" meaning ""все, всё"". Style: clean soft 3D clay/vector illustration, warm off-white background, centered subject, friendly but not childish, no text, no letters, no numbers, no watermark. Make the meaning visually obvious for a beginner language learner. Use one clear object or simple everyday scene."
"other-128","other","katta","большой","Create a square 1024x1024 educational flashcard illustration for the Uzbek word ""katta"" meaning ""большой"". Style: clean soft 3D clay/vector illustration, warm off-white background, centered subject, friendly but not childish, no text, no letters, no numbers, no watermark. Make the meaning visually obvious for a beginner language learner. Use one clear object or simple everyday scene."
"other-129","other","kichkina","маленький","Create a square 1024x1024 educational flashcard illustration for the Uzbek word ""kichkina"" meaning ""маленький"". Style: clean soft 3D clay/vector illustration, warm off-white background, centered subject, friendly but not childish, no text, no letters, no numbers, no watermark. Make the meaning visually obvious for a beginner language learner. Use one clear object or simple everyday scene."
"other-130","other","yaxshi","хороший, хорошо","Create a square 1024x1024 educational flashcard illustration for the Uzbek word ""yaxshi"" meaning ""хороший, хорошо"". Style: clean soft 3D clay/vector illustration, warm off-white background, centered subject, friendly but not childish, no text, no letters, no numbers, no watermark. Make the meaning visually obvious for a beginner language learner. Use one clear object or simple everyday scene."
"other-131","other","yomon","плохой, плохо","Create a square 1024x1024 educational flashcard illustration for the Uzbek word ""yomon"" meaning ""плохой, плохо"". Style: clean soft 3D clay/vector illustration, warm off-white background, centered subject, friendly but not childish, no text, no letters, no numbers, no watermark. Make the meaning visually obvious for a beginner language learner. Use one clear object or simple everyday scene."
"other-132","other","qiziq","интересный","Create a square 1024x1024 educational flashcard illustration for the Uzbek word ""qiziq"" meaning ""интересный"". Style: clean soft 3D clay/vector illustration, warm off-white background, centered subject, friendly but not childish, no text, no letters, no numbers, no watermark. Make the meaning visually obvious for a beginner language learner. Use one clear object or simple everyday scene."
"other-133","other","qiziqarli","увлекательный","Create a square 1024x1024 educational flashcard illustration for the Uzbek word ""qiziqarli"" meaning ""увлекательный"". Style: clean soft 3D clay/vector illustration, warm off-white background, centered subject, friendly but not childish, no text, no letters, no numbers, no watermark. Make the meaning visually obvious for a beginner language learner. Use one clear object or simple everyday scene."
"other-134","other","uzoq","далеко, долго","Create a square 1024x1024 educational flashcard illustration for the Uzbek word ""uzoq"" meaning ""далеко, долго"". Style: clean soft 3D clay/vector illustration, warm off-white background, centered subject, friendly but not childish, no text, no letters, no numbers, no watermark. Make the meaning visually obvious for a beginner language learner. Use one clear object or simple everyday scene."
"other-135","other","yillik","годовой","Create a square 1024x1024 educational flashcard illustration for the Uzbek word ""yillik"" meaning ""годовой"". Style: clean soft 3D clay/vector illustration, warm off-white background, centered subject, friendly but not childish, no text, no letters, no numbers, no watermark. Make the meaning visually obvious for a beginner language learner. Use one clear object or simple everyday scene."
"other-136","other","bugun","сегодня","Create a square 1024x1024 educational flashcard illustration for the Uzbek word ""bugun"" meaning ""сегодня"". Style: clean soft 3D clay/vector illustration, warm off-white background, centered subject, friendly but not childish, no text, no letters, no numbers, no watermark. Make the meaning visually obvious for a beginner language learner. Use one clear object or simple everyday scene."
"other-137","other","bugungi","сегодняшний","Create a square 1024x1024 educational flashcard illustration for the Uzbek word ""bugungi"" meaning ""сегодняшний"". Style: clean soft 3D clay/vector illustration, warm off-white background, centered subject, friendly but not childish, no text, no letters, no numbers, no watermark. Make the meaning visually obvious for a beginner language learner. Use one clear object or simple everyday scene."
"other-138","other","kecha","вчера","Create a square 1024x1024 educational flashcard illustration for the Uzbek word ""kecha"" meaning ""вчера"". Style: clean soft 3D clay/vector illustration, warm off-white background, centered subject, friendly but not childish, no text, no letters, no numbers, no watermark. Make the meaning visually obvious for a beginner language learner. Use one clear object or simple everyday scene."
"other-139","other","ertalab","утром","Create a square 1024x1024 educational flashcard illustration for the Uzbek word ""ertalab"" meaning ""утром"". Style: clean soft 3D clay/vector illustration, warm off-white background, centered subject, friendly but not childish, no text, no letters, no numbers, no watermark. Make the meaning visually obvious for a beginner language learner. Use one clear object or simple everyday scene."
"other-140","other","hozir","сейчас","Create a square 1024x1024 educational flashcard illustration for the Uzbek word ""hozir"" meaning ""сейчас"". Style: clean soft 3D clay/vector illustration, warm off-white background, centered subject, friendly but not childish, no text, no letters, no numbers, no watermark. Make the meaning visually obvious for a beginner language learner. Use one clear object or simple everyday scene."
"other-141","other","hozirgina","только что","Create a square 1024x1024 educational flashcard illustration for the Uzbek word ""hozirgina"" meaning ""только что"". Style: clean soft 3D clay/vector illustration, warm off-white background, centered subject, friendly but not childish, no text, no letters, no numbers, no watermark. Make the meaning visually obvious for a beginner language learner. Use one clear object or simple everyday scene."
"other-142","other","oxirgi","последний","Create a square 1024x1024 educational flashcard illustration for the Uzbek word ""oxirgi"" meaning ""последний"". Style: clean soft 3D clay/vector illustration, warm off-white background, centered subject, friendly but not childish, no text, no letters, no numbers, no watermark. Make the meaning visually obvious for a beginner language learner. Use one clear object or simple everyday scene."
"other-143","other","marta","раз","Create a square 1024x1024 educational flashcard illustration for the Uzbek word ""marta"" meaning ""раз"". Style: clean soft 3D clay/vector illustration, warm off-white background, centered subject, friendly but not childish, no text, no letters, no numbers, no watermark. Make the meaning visually obvious for a beginner language learner. Use one clear object or simple everyday scene."
"other-144","other","haqida","о, об","Create a square 1024x1024 educational flashcard illustration for the Uzbek word ""haqida"" meaning ""о, об"". Style: clean soft 3D clay/vector illustration, warm off-white background, centered subject, friendly but not childish, no text, no letters, no numbers, no watermark. Make the meaning visually obvious for a beginner language learner. Use one clear object or simple everyday scene."
"other-145","other","uchun","для, за","Create a square 1024x1024 educational flashcard illustration for the Uzbek word ""uchun"" meaning ""для, за"". Style: clean soft 3D clay/vector illustration, warm off-white background, centered subject, friendly but not childish, no text, no letters, no numbers, no watermark. Make the meaning visually obvious for a beginner language learner. Use one clear object or simple everyday scene."
"other-146","other","emas","не для имен","Create a square 1024x1024 educational flashcard illustration for the Uzbek word ""emas"" meaning ""не для имен"". Style: clean soft 3D clay/vector illustration, warm off-white background, centered subject, friendly but not childish, no text, no letters, no numbers, no watermark. Make the meaning visually obvious for a beginner language learner. Use one clear object or simple everyday scene."
"other-147","other","bor","есть, имеется","Create a square 1024x1024 educational flashcard illustration for the Uzbek word ""bor"" meaning ""есть, имеется"". Style: clean soft 3D clay/vector illustration, warm off-white background, centered subject, friendly but not childish, no text, no letters, no numbers, no watermark. Make the meaning visually obvious for a beginner language learner. Use one clear object or simple everyday scene."
"other-148","other","yoʻq","нет, отсутствует","Create a square 1024x1024 educational flashcard illustration for the Uzbek word ""yoʻq"" meaning ""нет, отсутствует"". Style: clean soft 3D clay/vector illustration, warm off-white background, centered subject, friendly but not childish, no text, no letters, no numbers, no watermark. Make the meaning visually obvious for a beginner language learner. Use one clear object or simple everyday scene."
"other-149","other","Salom!","здравствуйте","Create a square 1024x1024 educational flashcard illustration for the Uzbek word ""Salom!"" meaning ""здравствуйте"". Style: clean soft 3D clay/vector illustration, warm off-white background, centered subject, friendly but not childish, no text, no letters, no numbers, no watermark. Make the meaning visually obvious for a beginner language learner. Use one clear object or simple everyday scene."
"other-150","other","Rahmat","спасибо","Create a square 1024x1024 educational flashcard illustration for the Uzbek word ""Rahmat"" meaning ""спасибо"". Style: clean soft 3D clay/vector illustration, warm off-white background, centered subject, friendly but not childish, no text, no letters, no numbers, no watermark. Make the meaning visually obvious for a beginner language learner. Use one clear object or simple everyday scene."
"other-151","other","Yaxshimisiz?","как вы?","Create a square 1024x1024 educational flashcard illustration for the Uzbek word ""Yaxshimisiz?"" meaning ""как вы?"". Style: clean soft 3D clay/vector illustration, warm off-white background, centered subject, friendly but not childish, no text, no letters, no numbers, no watermark. Make the meaning visually obvious for a beginner language learner. Use one clear object or simple everyday scene."
"other-152","other","Ishlar qanday?","как дела?","Create a square 1024x1024 educational flashcard illustration for the Uzbek word ""Ishlar qanday?"" meaning ""как дела?"". Style: clean soft 3D clay/vector illustration, warm off-white background, centered subject, friendly but not childish, no text, no letters, no numbers, no watermark. Make the meaning visually obvious for a beginner language learner. Use one clear object or simple everyday scene."
"other-153","other","Boʻladi!","ладно, договорились","Create a square 1024x1024 educational flashcard illustration for the Uzbek word ""Boʻladi!"" meaning ""ладно, договорились"". Style: clean soft 3D clay/vector illustration, warm off-white background, centered subject, friendly but not childish, no text, no letters, no numbers, no watermark. Make the meaning visually obvious for a beginner language learner. Use one clear object or simple everyday scene."
"other-154","other","Qarang!","смотрите","Create a square 1024x1024 educational flashcard illustration for the Uzbek word ""Qarang!"" meaning ""смотрите"". Style: clean soft 3D clay/vector illustration, warm off-white background, centered subject, friendly but not childish, no text, no letters, no numbers, no watermark. Make the meaning visually obvious for a beginner language learner. Use one clear object or simple everyday scene."
"other-155","other","oz","мало","Create a square 1024x1024 educational flashcard illustration for the Uzbek word ""oz"" meaning ""мало"". Style: clean soft 3D clay/vector illustration, warm off-white background, centered subject, friendly but not childish, no text, no letters, no numbers, no watermark. Make the meaning visually obvious for a beginner language learner. Use one clear object or simple everyday scene."
"other-156","other","kam","мало, недостаточно","Create a square 1024x1024 educational flashcard illustration for the Uzbek word ""kam"" meaning ""мало, недостаточно"". Style: clean soft 3D clay/vector illustration, warm off-white background, centered subject, friendly but not childish, no text, no letters, no numbers, no watermark. Make the meaning visually obvious for a beginner language learner. Use one clear object or simple everyday scene."
"other-157","other","koʻp","много","Create a square 1024x1024 educational flashcard illustration for the Uzbek word ""koʻp"" meaning ""много"". Style: clean soft 3D clay/vector illustration, warm off-white background, centered subject, friendly but not childish, no text, no letters, no numbers, no watermark. Make the meaning visually obvious for a beginner language learner. Use one clear object or simple everyday scene."
"other-158","other","mazali","вкусный, вкусно","Create a square 1024x1024 educational flashcard illustration for the Uzbek word ""mazali"" meaning ""вкусный, вкусно"". Style: clean soft 3D clay/vector illustration, warm off-white background, centered subject, friendly but not childish, no text, no letters, no numbers, no watermark. Make the meaning visually obvious for a beginner language learner. Use one clear object or simple everyday scene."
"other-159","other","mazali emas","невкусно, не вкусный","Create a square 1024x1024 educational flashcard illustration for the Uzbek word ""mazali emas"" meaning ""невкусно, не вкусный"". Style: clean soft 3D clay/vector illustration, warm off-white background, centered subject, friendly but not childish, no text, no letters, no numbers, no watermark. Make the meaning visually obvious for a beginner language learner. Use one clear object or simple everyday scene."
"other-160","other","qimmat","дорогой, дорого","Create a square 1024x1024 educational flashcard illustration for the Uzbek word ""qimmat"" meaning ""дорогой, дорого"". Style: clean soft 3D clay/vector illustration, warm off-white background, centered subject, friendly but not childish, no text, no letters, no numbers, no watermark. Make the meaning visually obvious for a beginner language learner. Use one clear object or simple everyday scene."
"other-161","other","arzon","дешевый, дешево","Create a square 1024x1024 educational flashcard illustration for the Uzbek word ""arzon"" meaning ""дешевый, дешево"". Style: clean soft 3D clay/vector illustration, warm off-white background, centered subject, friendly but not childish, no text, no letters, no numbers, no watermark. Make the meaning visually obvious for a beginner language learner. Use one clear object or simple everyday scene."
"noun-162","noun","mol goʻshti","говядина","Create a square 1024x1024 educational flashcard illustration for the Uzbek word ""mol goʻshti"" meaning ""говядина"". Style: clean soft 3D clay/vector illustration, warm off-white background, centered subject, friendly but not childish, no text, no letters, no numbers, no watermark. Make the meaning visually obvious for a beginner language learner. Use one clear object or simple everyday scene."
"noun-163","noun","goʻsht","мясо","Create a square 1024x1024 educational flashcard illustration for the Uzbek word ""goʻsht"" meaning ""мясо"". Style: clean soft 3D clay/vector illustration, warm off-white background, centered subject, friendly but not childish, no text, no letters, no numbers, no watermark. Make the meaning visually obvious for a beginner language learner. Use one clear object or simple everyday scene."
"noun-164","noun","dars","урок","Create a square 1024x1024 educational flashcard illustration for the Uzbek word ""dars"" meaning ""урок"". Style: clean soft 3D clay/vector illustration, warm off-white background, centered subject, friendly but not childish, no text, no letters, no numbers, no watermark. Make the meaning visually obvious for a beginner language learner. Use one clear object or simple everyday scene."
"other-165","other","va","и","Create a square 1024x1024 educational flashcard illustration for the Uzbek word ""va"" meaning ""и"". Style: clean soft 3D clay/vector illustration, warm off-white background, centered subject, friendly but not childish, no text, no letters, no numbers, no watermark. Make the meaning visually obvious for a beginner language learner. Use one clear object or simple everyday scene."
"other-166","other","darsdan keyin","после урока","Create a square 1024x1024 educational flashcard illustration for the Uzbek word ""darsdan keyin"" meaning ""после урока"". Style: clean soft 3D clay/vector illustration, warm off-white background, centered subject, friendly but not childish, no text, no letters, no numbers, no watermark. Make the meaning visually obvious for a beginner language learner. Use one clear object or simple everyday scene."
"other-167","other","darsdan oldin","до урока","Create a square 1024x1024 educational flashcard illustration for the Uzbek word ""darsdan oldin"" meaning ""до урока"". Style: clean soft 3D clay/vector illustration, warm off-white background, centered subject, friendly but not childish, no text, no letters, no numbers, no watermark. Make the meaning visually obvious for a beginner language learner. Use one clear object or simple everyday scene."
"other-168","other","oʻtgan hafta","прошлая неделя","Create a square 1024x1024 educational flashcard illustration for the Uzbek word ""oʻtgan hafta"" meaning ""прошлая неделя"". Style: clean soft 3D clay/vector illustration, warm off-white background, centered subject, friendly but not childish, no text, no letters, no numbers, no watermark. Make the meaning visually obvious for a beginner language learner. Use one clear object or simple everyday scene."
"other-169","other","har kuni","каждый день","Create a square 1024x1024 educational flashcard illustration for the Uzbek word ""har kuni"" meaning ""каждый день"". Style: clean soft 3D clay/vector illustration, warm off-white background, centered subject, friendly but not childish, no text, no letters, no numbers, no watermark. Make the meaning visually obvious for a beginner language learner. Use one clear object or simple everyday scene."
"noun-170","noun","kechki ovqat","ужин","Create a square 1024x1024 educational flashcard illustration for the Uzbek word ""kechki ovqat"" meaning ""ужин"". Style: clean soft 3D clay/vector illustration, warm off-white background, centered subject, friendly but not childish, no text, no letters, no numbers, no watermark. Make the meaning visually obvious for a beginner language learner. Use one clear object or simple everyday scene."
"noun-171","noun","kun","день","Create a square 1024x1024 educational flashcard illustration for the Uzbek word ""kun"" meaning ""день"". Style: clean soft 3D clay/vector illustration, warm off-white background, centered subject, friendly but not childish, no text, no letters, no numbers, no watermark. Make the meaning visually obvious for a beginner language learner. Use one clear object or simple everyday scene."
"other-172","other","bugungi kuningiz","ваш сегодняшний день","Create a square 1024x1024 educational flashcard illustration for the Uzbek word ""bugungi kuningiz"" meaning ""ваш сегодняшний день"". Style: clean soft 3D clay/vector illustration, warm off-white background, centered subject, friendly but not childish, no text, no letters, no numbers, no watermark. Make the meaning visually obvious for a beginner language learner. Use one clear object or simple everyday scene."
"other-173","other","ajoyib","великолепный, замечательный","Create a square 1024x1024 educational flashcard illustration for the Uzbek word ""ajoyib"" meaning ""великолепный, замечательный"". Style: clean soft 3D clay/vector illustration, warm off-white background, centered subject, friendly but not childish, no text, no letters, no numbers, no watermark. Make the meaning visually obvious for a beginner language learner. Use one clear object or simple everyday scene."
"other-174","other","ajoyib kun","великолепный день","Create a square 1024x1024 educational flashcard illustration for the Uzbek word ""ajoyib kun"" meaning ""великолепный день"". Style: clean soft 3D clay/vector illustration, warm off-white background, centered subject, friendly but not childish, no text, no letters, no numbers, no watermark. Make the meaning visually obvious for a beginner language learner. Use one clear object or simple everyday scene."
"other-175","other","mening","мой, моя, мое","Create a square 1024x1024 educational flashcard illustration for the Uzbek word ""mening"" meaning ""мой, моя, мое"". Style: clean soft 3D clay/vector illustration, warm off-white background, centered subject, friendly but not childish, no text, no letters, no numbers, no watermark. Make the meaning visually obvious for a beginner language learner. Use one clear object or simple everyday scene."
"other-176","other","Mening bugungi kunim ajoyib oʻtdi","мой сегодняшний день прошел великолепно","Create a square 1024x1024 educational flashcard illustration for the Uzbek word ""Mening bugungi kunim ajoyib oʻtdi"" meaning ""мой сегодняшний день прошел великолепно"". Style: clean soft 3D clay/vector illustration, warm off-white background, centered subject, friendly but not childish, no text, no letters, no numbers, no watermark. Make the meaning visually obvious for a beginner language learner. Use one clear object or simple everyday scene."
"other-177","other","qiyin","сложный, сложно, трудно","Create a square 1024x1024 educational flashcard illustration for the Uzbek word ""qiyin"" meaning ""сложный, сложно, трудно"". Style: clean soft 3D clay/vector illustration, warm off-white background, centered subject, friendly but not childish, no text, no letters, no numbers, no watermark. Make the meaning visually obvious for a beginner language learner. Use one clear object or simple everyday scene."
"other-178","other","oson","легкий, легко","Create a square 1024x1024 educational flashcard illustration for the Uzbek word ""oson"" meaning ""легкий, легко"". Style: clean soft 3D clay/vector illustration, warm off-white background, centered subject, friendly but not childish, no text, no letters, no numbers, no watermark. Make the meaning visually obvious for a beginner language learner. Use one clear object or simple everyday scene."
"other-179","other","zerikarli","скучный, скучно","Create a square 1024x1024 educational flashcard illustration for the Uzbek word ""zerikarli"" meaning ""скучный, скучно"". Style: clean soft 3D clay/vector illustration, warm off-white background, centered subject, friendly but not childish, no text, no letters, no numbers, no watermark. Make the meaning visually obvious for a beginner language learner. Use one clear object or simple everyday scene."
"noun-180","noun","ishxona","место работы, рабочее помещение","Create a square 1024x1024 educational flashcard illustration for the Uzbek word ""ishxona"" meaning ""место работы, рабочее помещение"". Style: clean soft 3D clay/vector illustration, warm off-white background, centered subject, friendly but not childish, no text, no letters, no numbers, no watermark. Make the meaning visually obvious for a beginner language learner. Use one clear object or simple everyday scene."
"noun-181","noun","oshxona","кухня, столовая","Create a square 1024x1024 educational flashcard illustration for the Uzbek word ""oshxona"" meaning ""кухня, столовая"". Style: clean soft 3D clay/vector illustration, warm off-white background, centered subject, friendly but not childish, no text, no letters, no numbers, no watermark. Make the meaning visually obvious for a beginner language learner. Use one clear object or simple everyday scene."
"noun-182","noun","dorixona","аптека","Create a square 1024x1024 educational flashcard illustration for the Uzbek word ""dorixona"" meaning ""аптека"". Style: clean soft 3D clay/vector illustration, warm off-white background, centered subject, friendly but not childish, no text, no letters, no numbers, no watermark. Make the meaning visually obvious for a beginner language learner. Use one clear object or simple everyday scene."
"other-183","other","tinch","спокойный, спокойно, мирно","Create a square 1024x1024 educational flashcard illustration for the Uzbek word ""tinch"" meaning ""спокойный, спокойно, мирно"". Style: clean soft 3D clay/vector illustration, warm off-white background, centered subject, friendly but not childish, no text, no letters, no numbers, no watermark. Make the meaning visually obvious for a beginner language learner. Use one clear object or simple everyday scene."
"noun-184","noun","joy","место","Create a square 1024x1024 educational flashcard illustration for the Uzbek word ""joy"" meaning ""место"". Style: clean soft 3D clay/vector illustration, warm off-white background, centered subject, friendly but not childish, no text, no letters, no numbers, no watermark. Make the meaning visually obvious for a beginner language learner. Use one clear object or simple everyday scene."
"noun-185","noun","tinchlik","мир, спокойствие","Create a square 1024x1024 educational flashcard illustration for the Uzbek word ""tinchlik"" meaning ""мир, спокойствие"". Style: clean soft 3D clay/vector illustration, warm off-white background, centered subject, friendly but not childish, no text, no letters, no numbers, no watermark. Make the meaning visually obvious for a beginner language learner. Use one clear object or simple everyday scene."
"other-186","other","hamma joyda","везде, во всех местах","Create a square 1024x1024 educational flashcard illustration for the Uzbek word ""hamma joyda"" meaning ""везде, во всех местах"". Style: clean soft 3D clay/vector illustration, warm off-white background, centered subject, friendly but not childish, no text, no letters, no numbers, no watermark. Make the meaning visually obvious for a beginner language learner. Use one clear object or simple everyday scene."
"other-187","other","Hamma joyda tinchlik","везде спокойно, повсюду мир","Create a square 1024x1024 educational flashcard illustration for the Uzbek word ""Hamma joyda tinchlik"" meaning ""везде спокойно, повсюду мир"". Style: clean soft 3D clay/vector illustration, warm off-white background, centered subject, friendly but not childish, no text, no letters, no numbers, no watermark. Make the meaning visually obvious for a beginner language learner. Use one clear object or simple everyday scene."
"a1-188","other","ha","да","Create a square 1024x1024 educational flashcard illustration for the Uzbek word ""ha"" meaning ""да"". Style: clean soft 3D clay/vector illustration, warm off-white background, centered subject, friendly but not childish, no text, no letters, no numbers, no watermark. Make the meaning visually obvious for a beginner language learner. Use one clear object or simple everyday scene."
"a1-189","other","iltimos","пожалуйста","Create a square 1024x1024 educational flashcard illustration for the Uzbek word ""iltimos"" meaning ""пожалуйста"". Style: clean soft 3D clay/vector illustration, warm off-white background, centered subject, friendly but not childish, no text, no letters, no numbers, no watermark. Make the meaning visually obvious for a beginner language learner. Use one clear object or simple everyday scene."
"a1-190","other","uzr","извините","Create a square 1024x1024 educational flashcard illustration for the Uzbek word ""uzr"" meaning ""извините"". Style: clean soft 3D clay/vector illustration, warm off-white background, centered subject, friendly but not childish, no text, no letters, no numbers, no watermark. Make the meaning visually obvious for a beginner language learner. Use one clear object or simple everyday scene."
"a1-191","other","xayr","до свидания","Create a square 1024x1024 educational flashcard illustration for the Uzbek word ""xayr"" meaning ""до свидания"". Style: clean soft 3D clay/vector illustration, warm off-white background, centered subject, friendly but not childish, no text, no letters, no numbers, no watermark. Make the meaning visually obvious for a beginner language learner. Use one clear object or simple everyday scene."
"a1-192","noun","oila","семья","Create a square 1024x1024 educational flashcard illustration for the Uzbek word ""oila"" meaning ""семья"". Style: clean soft 3D clay/vector illustration, warm off-white background, centered subject, friendly but not childish, no text, no letters, no numbers, no watermark. Make the meaning visually obvious for a beginner language learner. Use one clear object or simple everyday scene."
"a1-193","noun","ota","отец","Create a square 1024x1024 educational flashcard illustration for the Uzbek word ""ota"" meaning ""отец"". Style: clean soft 3D clay/vector illustration, warm off-white background, centered subject, friendly but not childish, no text, no letters, no numbers, no watermark. Make the meaning visually obvious for a beginner language learner. Use one clear object or simple everyday scene."
"a1-194","noun","ona","мать","Create a square 1024x1024 educational flashcard illustration for the Uzbek word ""ona"" meaning ""мать"". Style: clean soft 3D clay/vector illustration, warm off-white background, centered subject, friendly but not childish, no text, no letters, no numbers, no watermark. Make the meaning visually obvious for a beginner language learner. Use one clear object or simple everyday scene."
"a1-195","noun","aka","старший брат","Create a square 1024x1024 educational flashcard illustration for the Uzbek word ""aka"" meaning ""старший брат"". Style: clean soft 3D clay/vector illustration, warm off-white background, centered subject, friendly but not childish, no text, no letters, no numbers, no watermark. Make the meaning visually obvious for a beginner language learner. Use one clear object or simple everyday scene."
"a1-196","noun","uka","младший брат","Create a square 1024x1024 educational flashcard illustration for the Uzbek word ""uka"" meaning ""младший брат"". Style: clean soft 3D clay/vector illustration, warm off-white background, centered subject, friendly but not childish, no text, no letters, no numbers, no watermark. Make the meaning visually obvious for a beginner language learner. Use one clear object or simple everyday scene."
"a1-197","noun","opa","старшая сестра","Create a square 1024x1024 educational flashcard illustration for the Uzbek word ""opa"" meaning ""старшая сестра"". Style: clean soft 3D clay/vector illustration, warm off-white background, centered subject, friendly but not childish, no text, no letters, no numbers, no watermark. Make the meaning visually obvious for a beginner language learner. Use one clear object or simple everyday scene."
"a1-198","noun","singil","младшая сестра","Create a square 1024x1024 educational flashcard illustration for the Uzbek word ""singil"" meaning ""младшая сестра"". Style: clean soft 3D clay/vector illustration, warm off-white background, centered subject, friendly but not childish, no text, no letters, no numbers, no watermark. Make the meaning visually obvious for a beginner language learner. Use one clear object or simple everyday scene."
"a1-199","noun","bola","ребенок","Create a square 1024x1024 educational flashcard illustration for the Uzbek word ""bola"" meaning ""ребенок"". Style: clean soft 3D clay/vector illustration, warm off-white background, centered subject, friendly but not childish, no text, no letters, no numbers, no watermark. Make the meaning visually obvious for a beginner language learner. Use one clear object or simple everyday scene."
"a1-200","noun","erkak","мужчина","Create a square 1024x1024 educational flashcard illustration for the Uzbek word ""erkak"" meaning ""мужчина"". Style: clean soft 3D clay/vector illustration, warm off-white background, centered subject, friendly but not childish, no text, no letters, no numbers, no watermark. Make the meaning visually obvious for a beginner language learner. Use one clear object or simple everyday scene."
"a1-201","noun","ayol","женщина","Create a square 1024x1024 educational flashcard illustration for the Uzbek word ""ayol"" meaning ""женщина"". Style: clean soft 3D clay/vector illustration, warm off-white background, centered subject, friendly but not childish, no text, no letters, no numbers, no watermark. Make the meaning visually obvious for a beginner language learner. Use one clear object or simple everyday scene."
"a1-202","noun","doʻst","друг","Create a square 1024x1024 educational flashcard illustration for the Uzbek word ""doʻst"" meaning ""друг"". Style: clean soft 3D clay/vector illustration, warm off-white background, centered subject, friendly but not childish, no text, no letters, no numbers, no watermark. Make the meaning visually obvious for a beginner language learner. Use one clear object or simple everyday scene."
"a1-203","noun","ism","имя","Create a square 1024x1024 educational flashcard illustration for the Uzbek word ""ism"" meaning ""имя"". Style: clean soft 3D clay/vector illustration, warm off-white background, centered subject, friendly but not childish, no text, no letters, no numbers, no watermark. Make the meaning visually obvious for a beginner language learner. Use one clear object or simple everyday scene."
"a1-204","noun","til","язык","Create a square 1024x1024 educational flashcard illustration for the Uzbek word ""til"" meaning ""язык"". Style: clean soft 3D clay/vector illustration, warm off-white background, centered subject, friendly but not childish, no text, no letters, no numbers, no watermark. Make the meaning visually obvious for a beginner language learner. Use one clear object or simple everyday scene."
"a1-205","noun","shahar","город","Create a square 1024x1024 educational flashcard illustration for the Uzbek word ""shahar"" meaning ""город"". Style: clean soft 3D clay/vector illustration, warm off-white background, centered subject, friendly but not childish, no text, no letters, no numbers, no watermark. Make the meaning visually obvious for a beginner language learner. Use one clear object or simple everyday scene."
"a1-206","noun","mamlakat","страна","Create a square 1024x1024 educational flashcard illustration for the Uzbek word ""mamlakat"" meaning ""страна"". Style: clean soft 3D clay/vector illustration, warm off-white background, centered subject, friendly but not childish, no text, no letters, no numbers, no watermark. Make the meaning visually obvious for a beginner language learner. Use one clear object or simple everyday scene."
"a1-207","noun","doʻkon","магазин","Create a square 1024x1024 educational flashcard illustration for the Uzbek word ""doʻkon"" meaning ""магазин"". Style: clean soft 3D clay/vector illustration, warm off-white background, centered subject, friendly but not childish, no text, no letters, no numbers, no watermark. Make the meaning visually obvious for a beginner language learner. Use one clear object or simple everyday scene."
"a1-208","noun","bozor","рынок","Create a square 1024x1024 educational flashcard illustration for the Uzbek word ""bozor"" meaning ""рынок"". Style: clean soft 3D clay/vector illustration, warm off-white background, centered subject, friendly but not childish, no text, no letters, no numbers, no watermark. Make the meaning visually obvious for a beginner language learner. Use one clear object or simple everyday scene."
"a1-209","noun","mehmonxona","гостиница","Create a square 1024x1024 educational flashcard illustration for the Uzbek word ""mehmonxona"" meaning ""гостиница"". Style: clean soft 3D clay/vector illustration, warm off-white background, centered subject, friendly but not childish, no text, no letters, no numbers, no watermark. Make the meaning visually obvious for a beginner language learner. Use one clear object or simple everyday scene."
"a1-210","noun","bekat","остановка","Create a square 1024x1024 educational flashcard illustration for the Uzbek word ""bekat"" meaning ""остановка"". Style: clean soft 3D clay/vector illustration, warm off-white background, centered subject, friendly but not childish, no text, no letters, no numbers, no watermark. Make the meaning visually obvious for a beginner language learner. Use one clear object or simple everyday scene."
"a1-211","noun","aeroport","аэропорт","Create a square 1024x1024 educational flashcard illustration for the Uzbek word ""aeroport"" meaning ""аэропорт"". Style: clean soft 3D clay/vector illustration, warm off-white background, centered subject, friendly but not childish, no text, no letters, no numbers, no watermark. Make the meaning visually obvious for a beginner language learner. Use one clear object or simple everyday scene."
"a1-212","noun","suv","вода","Create a square 1024x1024 educational flashcard illustration for the Uzbek word ""suv"" meaning ""вода"". Style: clean soft 3D clay/vector illustration, warm off-white background, centered subject, friendly but not childish, no text, no letters, no numbers, no watermark. Make the meaning visually obvious for a beginner language learner. Use one clear object or simple everyday scene."
"a1-213","noun","sut","молоко","Create a square 1024x1024 educational flashcard illustration for the Uzbek word ""sut"" meaning ""молоко"". Style: clean soft 3D clay/vector illustration, warm off-white background, centered subject, friendly but not childish, no text, no letters, no numbers, no watermark. Make the meaning visually obvious for a beginner language learner. Use one clear object or simple everyday scene."
"a1-214","noun","olma","яблоко","Create a square 1024x1024 educational flashcard illustration for the Uzbek word ""olma"" meaning ""яблоко"". Style: clean soft 3D clay/vector illustration, warm off-white background, centered subject, friendly but not childish, no text, no letters, no numbers, no watermark. Make the meaning visually obvious for a beginner language learner. Use one clear object or simple everyday scene."
"a1-215","noun","meva","фрукт","Create a square 1024x1024 educational flashcard illustration for the Uzbek word ""meva"" meaning ""фрукт"". Style: clean soft 3D clay/vector illustration, warm off-white background, centered subject, friendly but not childish, no text, no letters, no numbers, no watermark. Make the meaning visually obvious for a beginner language learner. Use one clear object or simple everyday scene."
"a1-216","noun","sabzavot","овощ","Create a square 1024x1024 educational flashcard illustration for the Uzbek word ""sabzavot"" meaning ""овощ"". Style: clean soft 3D clay/vector illustration, warm off-white background, centered subject, friendly but not childish, no text, no letters, no numbers, no watermark. Make the meaning visually obvious for a beginner language learner. Use one clear object or simple everyday scene."
"a1-217","noun","tuxum","яйцо","Create a square 1024x1024 educational flashcard illustration for the Uzbek word ""tuxum"" meaning ""яйцо"". Style: clean soft 3D clay/vector illustration, warm off-white background, centered subject, friendly but not childish, no text, no letters, no numbers, no watermark. Make the meaning visually obvious for a beginner language learner. Use one clear object or simple everyday scene."
"a1-218","noun","guruch","рис","Create a square 1024x1024 educational flashcard illustration for the Uzbek word ""guruch"" meaning ""рис"". Style: clean soft 3D clay/vector illustration, warm off-white background, centered subject, friendly but not childish, no text, no letters, no numbers, no watermark. Make the meaning visually obvious for a beginner language learner. Use one clear object or simple everyday scene."
"a1-219","noun","shoʻrva","суп","Create a square 1024x1024 educational flashcard illustration for the Uzbek word ""shoʻrva"" meaning ""суп"". Style: clean soft 3D clay/vector illustration, warm off-white background, centered subject, friendly but not childish, no text, no letters, no numbers, no watermark. Make the meaning visually obvious for a beginner language learner. Use one clear object or simple everyday scene."
"a1-220","noun","tuz","соль","Create a square 1024x1024 educational flashcard illustration for the Uzbek word ""tuz"" meaning ""соль"". Style: clean soft 3D clay/vector illustration, warm off-white background, centered subject, friendly but not childish, no text, no letters, no numbers, no watermark. Make the meaning visually obvious for a beginner language learner. Use one clear object or simple everyday scene."
"a1-221","noun","shakar","сахар","Create a square 1024x1024 educational flashcard illustration for the Uzbek word ""shakar"" meaning ""сахар"". Style: clean soft 3D clay/vector illustration, warm off-white background, centered subject, friendly but not childish, no text, no letters, no numbers, no watermark. Make the meaning visually obvious for a beginner language learner. Use one clear object or simple everyday scene."
"a1-222","noun","bosh","голова","Create a square 1024x1024 educational flashcard illustration for the Uzbek word ""bosh"" meaning ""голова"". Style: clean soft 3D clay/vector illustration, warm off-white background, centered subject, friendly but not childish, no text, no letters, no numbers, no watermark. Make the meaning visually obvious for a beginner language learner. Use one clear object or simple everyday scene."
"a1-223","noun","qoʻl","рука","Create a square 1024x1024 educational flashcard illustration for the Uzbek word ""qoʻl"" meaning ""рука"". Style: clean soft 3D clay/vector illustration, warm off-white background, centered subject, friendly but not childish, no text, no letters, no numbers, no watermark. Make the meaning visually obvious for a beginner language learner. Use one clear object or simple everyday scene."
"a1-224","noun","oyoq","нога","Create a square 1024x1024 educational flashcard illustration for the Uzbek word ""oyoq"" meaning ""нога"". Style: clean soft 3D clay/vector illustration, warm off-white background, centered subject, friendly but not childish, no text, no letters, no numbers, no watermark. Make the meaning visually obvious for a beginner language learner. Use one clear object or simple everyday scene."
"a1-225","noun","koʻz","глаз","Create a square 1024x1024 educational flashcard illustration for the Uzbek word ""koʻz"" meaning ""глаз"". Style: clean soft 3D clay/vector illustration, warm off-white background, centered subject, friendly but not childish, no text, no letters, no numbers, no watermark. Make the meaning visually obvious for a beginner language learner. Use one clear object or simple everyday scene."
"a1-226","noun","quloq","ухо","Create a square 1024x1024 educational flashcard illustration for the Uzbek word ""quloq"" meaning ""ухо"". Style: clean soft 3D clay/vector illustration, warm off-white background, centered subject, friendly but not childish, no text, no letters, no numbers, no watermark. Make the meaning visually obvious for a beginner language learner. Use one clear object or simple everyday scene."
"a1-227","noun","ogʻiz","рот","Create a square 1024x1024 educational flashcard illustration for the Uzbek word ""ogʻiz"" meaning ""рот"". Style: clean soft 3D clay/vector illustration, warm off-white background, centered subject, friendly but not childish, no text, no letters, no numbers, no watermark. Make the meaning visually obvious for a beginner language learner. Use one clear object or simple everyday scene."
"a1-228","other","oq","белый","Create a square 1024x1024 educational flashcard illustration for the Uzbek word ""oq"" meaning ""белый"". Style: clean soft 3D clay/vector illustration, warm off-white background, centered subject, friendly but not childish, no text, no letters, no numbers, no watermark. Make the meaning visually obvious for a beginner language learner. Use one clear object or simple everyday scene."
"a1-229","other","qora","черный","Create a square 1024x1024 educational flashcard illustration for the Uzbek word ""qora"" meaning ""черный"". Style: clean soft 3D clay/vector illustration, warm off-white background, centered subject, friendly but not childish, no text, no letters, no numbers, no watermark. Make the meaning visually obvious for a beginner language learner. Use one clear object or simple everyday scene."
"a1-230","other","qizil","красный","Create a square 1024x1024 educational flashcard illustration for the Uzbek word ""qizil"" meaning ""красный"". Style: clean soft 3D clay/vector illustration, warm off-white background, centered subject, friendly but not childish, no text, no letters, no numbers, no watermark. Make the meaning visually obvious for a beginner language learner. Use one clear object or simple everyday scene."
"a1-231","other","koʻk","синий, голубой","Create a square 1024x1024 educational flashcard illustration for the Uzbek word ""koʻk"" meaning ""синий, голубой"". Style: clean soft 3D clay/vector illustration, warm off-white background, centered subject, friendly but not childish, no text, no letters, no numbers, no watermark. Make the meaning visually obvious for a beginner language learner. Use one clear object or simple everyday scene."
"a1-232","other","yashil","зеленый","Create a square 1024x1024 educational flashcard illustration for the Uzbek word ""yashil"" meaning ""зеленый"". Style: clean soft 3D clay/vector illustration, warm off-white background, centered subject, friendly but not childish, no text, no letters, no numbers, no watermark. Make the meaning visually obvious for a beginner language learner. Use one clear object or simple everyday scene."
"a1-233","other","sariq","желтый","Create a square 1024x1024 educational flashcard illustration for the Uzbek word ""sariq"" meaning ""желтый"". Style: clean soft 3D clay/vector illustration, warm off-white background, centered subject, friendly but not childish, no text, no letters, no numbers, no watermark. Make the meaning visually obvious for a beginner language learner. Use one clear object or simple everyday scene."
"a1-234","other","yangi","новый","Create a square 1024x1024 educational flashcard illustration for the Uzbek word ""yangi"" meaning ""новый"". Style: clean soft 3D clay/vector illustration, warm off-white background, centered subject, friendly but not childish, no text, no letters, no numbers, no watermark. Make the meaning visually obvious for a beginner language learner. Use one clear object or simple everyday scene."
"a1-235","other","eski","старый","Create a square 1024x1024 educational flashcard illustration for the Uzbek word ""eski"" meaning ""старый"". Style: clean soft 3D clay/vector illustration, warm off-white background, centered subject, friendly but not childish, no text, no letters, no numbers, no watermark. Make the meaning visually obvious for a beginner language learner. Use one clear object or simple everyday scene."
"a1-236","other","chiroyli","красивый","Create a square 1024x1024 educational flashcard illustration for the Uzbek word ""chiroyli"" meaning ""красивый"". Style: clean soft 3D clay/vector illustration, warm off-white background, centered subject, friendly but not childish, no text, no letters, no numbers, no watermark. Make the meaning visually obvious for a beginner language learner. Use one clear object or simple everyday scene."
"a1-237","other","issiq","горячий, жарко","Create a square 1024x1024 educational flashcard illustration for the Uzbek word ""issiq"" meaning ""горячий, жарко"". Style: clean soft 3D clay/vector illustration, warm off-white background, centered subject, friendly but not childish, no text, no letters, no numbers, no watermark. Make the meaning visually obvious for a beginner language learner. Use one clear object or simple everyday scene."
"a1-238","other","sovuq","холодный, холодно","Create a square 1024x1024 educational flashcard illustration for the Uzbek word ""sovuq"" meaning ""холодный, холодно"". Style: clean soft 3D clay/vector illustration, warm off-white background, centered subject, friendly but not childish, no text, no letters, no numbers, no watermark. Make the meaning visually obvious for a beginner language learner. Use one clear object or simple everyday scene."
"a1-239","other","tez","быстро, быстрый","Create a square 1024x1024 educational flashcard illustration for the Uzbek word ""tez"" meaning ""быстро, быстрый"". Style: clean soft 3D clay/vector illustration, warm off-white background, centered subject, friendly but not childish, no text, no letters, no numbers, no watermark. Make the meaning visually obvious for a beginner language learner. Use one clear object or simple everyday scene."
"a1-240","other","sekin","медленно, медленный","Create a square 1024x1024 educational flashcard illustration for the Uzbek word ""sekin"" meaning ""медленно, медленный"". Style: clean soft 3D clay/vector illustration, warm off-white background, centered subject, friendly but not childish, no text, no letters, no numbers, no watermark. Make the meaning visually obvious for a beginner language learner. Use one clear object or simple everyday scene."
"a1-241","other","ertaga","завтра","Create a square 1024x1024 educational flashcard illustration for the Uzbek word ""ertaga"" meaning ""завтра"". Style: clean soft 3D clay/vector illustration, warm off-white background, centered subject, friendly but not childish, no text, no letters, no numbers, no watermark. Make the meaning visually obvious for a beginner language learner. Use one clear object or simple everyday scene."
"a1-242","other","kechqurun","вечером","Create a square 1024x1024 educational flashcard illustration for the Uzbek word ""kechqurun"" meaning ""вечером"". Style: clean soft 3D clay/vector illustration, warm off-white background, centered subject, friendly but not childish, no text, no letters, no numbers, no watermark. Make the meaning visually obvious for a beginner language learner. Use one clear object or simple everyday scene."
"a1-243","noun","tun","ночь","Create a square 1024x1024 educational flashcard illustration for the Uzbek word ""tun"" meaning ""ночь"". Style: clean soft 3D clay/vector illustration, warm off-white background, centered subject, friendly but not childish, no text, no letters, no numbers, no watermark. Make the meaning visually obvious for a beginner language learner. Use one clear object or simple everyday scene."
"a1-244","noun","hafta","неделя","Create a square 1024x1024 educational flashcard illustration for the Uzbek word ""hafta"" meaning ""неделя"". Style: clean soft 3D clay/vector illustration, warm off-white background, centered subject, friendly but not childish, no text, no letters, no numbers, no watermark. Make the meaning visually obvious for a beginner language learner. Use one clear object or simple everyday scene."
"a1-245","noun","oy","месяц","Create a square 1024x1024 educational flashcard illustration for the Uzbek word ""oy"" meaning ""месяц"". Style: clean soft 3D clay/vector illustration, warm off-white background, centered subject, friendly but not childish, no text, no letters, no numbers, no watermark. Make the meaning visually obvious for a beginner language learner. Use one clear object or simple everyday scene."
"a1-246","verb","bormoq","идти, ехать","Create a square 1024x1024 educational flashcard illustration for the Uzbek word ""bormoq"" meaning ""идти, ехать"". Style: clean soft 3D clay/vector illustration, warm off-white background, centered subject, friendly but not childish, no text, no letters, no numbers, no watermark. Make the meaning visually obvious for a beginner language learner. Use one clear object or simple everyday scene."
"a1-247","verb","kelmoq","приходить","Create a square 1024x1024 educational flashcard illustration for the Uzbek word ""kelmoq"" meaning ""приходить"". Style: clean soft 3D clay/vector illustration, warm off-white background, centered subject, friendly but not childish, no text, no letters, no numbers, no watermark. Make the meaning visually obvious for a beginner language learner. Use one clear object or simple everyday scene."
"a1-248","verb","olmoq","брать, получать","Create a square 1024x1024 educational flashcard illustration for the Uzbek word ""olmoq"" meaning ""брать, получать"". Style: clean soft 3D clay/vector illustration, warm off-white background, centered subject, friendly but not childish, no text, no letters, no numbers, no watermark. Make the meaning visually obvious for a beginner language learner. Use one clear object or simple everyday scene."
"a1-249","verb","aytmoq","говорить, сказать","Create a square 1024x1024 educational flashcard illustration for the Uzbek word ""aytmoq"" meaning ""говорить, сказать"". Style: clean soft 3D clay/vector illustration, warm off-white background, centered subject, friendly but not childish, no text, no letters, no numbers, no watermark. Make the meaning visually obvious for a beginner language learner. Use one clear object or simple everyday scene."
"a1-250","verb","bilmoq","знать","Create a square 1024x1024 educational flashcard illustration for the Uzbek word ""bilmoq"" meaning ""знать"". Style: clean soft 3D clay/vector illustration, warm off-white background, centered subject, friendly but not childish, no text, no letters, no numbers, no watermark. Make the meaning visually obvious for a beginner language learner. Use one clear object or simple everyday scene."
"a1-251","verb","tushunmoq","понимать","Create a square 1024x1024 educational flashcard illustration for the Uzbek word ""tushunmoq"" meaning ""понимать"". Style: clean soft 3D clay/vector illustration, warm off-white background, centered subject, friendly but not childish, no text, no letters, no numbers, no watermark. Make the meaning visually obvious for a beginner language learner. Use one clear object or simple everyday scene."
"a1-252","verb","gapirmoq","разговаривать","Create a square 1024x1024 educational flashcard illustration for the Uzbek word ""gapirmoq"" meaning ""разговаривать"". Style: clean soft 3D clay/vector illustration, warm off-white background, centered subject, friendly but not childish, no text, no letters, no numbers, no watermark. Make the meaning visually obvious for a beginner language learner. Use one clear object or simple everyday scene."
"a1-253","verb","yozmoq","писать","Create a square 1024x1024 educational flashcard illustration for the Uzbek word ""yozmoq"" meaning ""писать"". Style: clean soft 3D clay/vector illustration, warm off-white background, centered subject, friendly but not childish, no text, no letters, no numbers, no watermark. Make the meaning visually obvious for a beginner language learner. Use one clear object or simple everyday scene."
"a1-254","verb","oʻqimoq","читать, учиться","Create a square 1024x1024 educational flashcard illustration for the Uzbek word ""oʻqimoq"" meaning ""читать, учиться"". Style: clean soft 3D clay/vector illustration, warm off-white background, centered subject, friendly but not childish, no text, no letters, no numbers, no watermark. Make the meaning visually obvious for a beginner language learner. Use one clear object or simple everyday scene."
"a1-255","verb","tinglamoq","слушать","Create a square 1024x1024 educational flashcard illustration for the Uzbek word ""tinglamoq"" meaning ""слушать"". Style: clean soft 3D clay/vector illustration, warm off-white background, centered subject, friendly but not childish, no text, no letters, no numbers, no watermark. Make the meaning visually obvious for a beginner language learner. Use one clear object or simple everyday scene."
"a1-256","verb","ochmoq","открывать","Create a square 1024x1024 educational flashcard illustration for the Uzbek word ""ochmoq"" meaning ""открывать"". Style: clean soft 3D clay/vector illustration, warm off-white background, centered subject, friendly but not childish, no text, no letters, no numbers, no watermark. Make the meaning visually obvious for a beginner language learner. Use one clear object or simple everyday scene."
"a1-257","verb","yopmoq","закрывать","Create a square 1024x1024 educational flashcard illustration for the Uzbek word ""yopmoq"" meaning ""закрывать"". Style: clean soft 3D clay/vector illustration, warm off-white background, centered subject, friendly but not childish, no text, no letters, no numbers, no watermark. Make the meaning visually obvious for a beginner language learner. Use one clear object or simple everyday scene."